UoM Maths 3rd Year (Unofficial),#server-polls,855739662475591721
UoM Maths 3rd Year (Unofficial),#student-reps-only,769203667906854912
UoM Maths 3rd Year (Unofficial),#polls,854303253042692116
UoM Maths 3rd Year (Unofficial),#talk-to-student-reps,854302983831420948
Uom Maths 3rd Year (Unofficial),#social-announcements,872080792845684736
UoM Maths 3rd Year (Unofficial),#socials,866211623420690462
UoM Maths 3rd Year (Unofficial),#free-for-all,775489925444534302
UoM Maths 3rd Year (Unofficial),#memes-and-spam,769161320158461992
UoM Maths 3rd Year (Unofficial),#bot-spam,774938156411650049
UoM Maths 3rd Year (Unofficial),#course-discussion,769160973168541706
UoM Maths 3rd Year (Unofficial),#outside-modules,769161086426546207
UoM Maths 3rd Year (Unofficial),#peer-support,798837111990124564
UoM Maths 3rd Year (Unofficial),#latex-help,881046873354424380
UoM Maths 3rd Year (Unofficial),#dass-chat,872146982632820756
UoM Maths 3rd Year (Unofficial),#maths-and-phys,854305433731596298
UoM Maths 3rd Year (Unofficial),#cs-and-maths,854310692513251338
UoM Maths 3rd Year (Unofficial),#maths-and-phil,854311235007676427
UoM Maths 3rd Year (Unofficial),#bman-discussion,854311683508666369
UoM Maths 3rd Year (Unofficial),#language-discussion,880342692566036501
UoM Maths 3rd Year (Unofficial),#math30011-p-s-1,854285366005989386
UoM Maths 3rd Year (Unofficial),#math32001-gt,854285554450563082
UoM Maths 3rd Year (Unofficial),#math32051-hg,854285817610240000
UoM Maths 3rd Year (Unofficial),#math32091-cagt,854286178656583680
UoM Maths 3rd Year (Unofficial),#math32011-ml,854286377372745738
UoM Maths 3rd Year (Unofficial),#math34011-ca,854286672954523668
UoM Maths 3rd Year (Unofficial),#math35001-vff,854286819155116043
UoM Maths 3rd Year (Unofficial),#math35021-e,854287293711908874
UoM Maths 3rd Year (Unofficial),#math36001-ma,854287515884060682
UoM Maths 3rd Year (Unofficial),#math36031-psbc,854287747929604117
UoM Maths 3rd Year (Unofficial),#math38001-si,854287934642847765
UoM Maths 3rd Year (Unofficial),#math38141-ra,854288129623588874
UoM Maths 3rd Year (Unofficial),#math38161-ms-ml,854288354623225897
UoM Maths 3rd Year (Unofficial),#math39511-am1,854288744575664129
UoM Maths 3rd Year (Unofficial),#math30002-me,854289730069463060
UoM Maths 3rd Year (Unofficial),#math30022-p-s-1,854289896301920257
UoM Maths 3rd Year (Unofficial),#math31042-fg,854290018691842048
UoM Maths 3rd Year (Unofficial),#math31052-t,854290387757957140
UoM Maths 3rd Year (Unofficial),#math32012-ca,854290734436843550
UoM Maths 3rd Year (Unofficial),#math32032-ct,854290904918917130
UoM Maths 3rd Year (Unofficial),#math32062-ag,854291099362394132
UoM Maths 3rd Year (Unofficial),#math32072-nt,854294283379933195
UoM Maths 3rd Year (Unofficial),#math34032-gfieaa,854294580596703242
UoM Maths 3rd Year (Unofficial),#math35012-wm,854294977760067584
UoM Maths 3rd Year (Unofficial),#math35032-mb,854295097591201818
UoM Maths 3rd Year (Unofficial),#math35062-mfafp,854295376037937162
UoM Maths 3rd Year (Unofficial),#math35082-sigan,854296334156038144
UoM Maths 3rd Year (Unofficial),#math36022-na2,854297181245538304
UoM Maths 3rd Year (Unofficial),#math36062-co,854297361798529074
UoM Maths 3rd Year (Unofficial),#math37002-mwatf,854297617968922684
UoM Maths 3rd Year (Unofficial),#math37012-mp,854297842957025320
UoM Maths 3rd Year (Unofficial),#math38032-tsa,854298059227398174
UoM Maths 3rd Year (Unofficial),#math38072-ms,854298337515405342
UoM Maths 3rd Year (Unofficial),#math38172-glm,854298504493924363
UoM Maths 3rd Year (Unofficial),#math39032-mmif,854298738251268126
UoM Maths 3rd Year (Unofficial),#math39512-am2,854298925263749141
UoM Maths 3rd Year (Unofficial),#math39522-c-2,854299141366480906
UoM Maths 3rd Year (Unofficial),#math39542-rt,854299350582034463
UoM Maths 3rd Year (Unofficial),#pass-coordinators-only,769192351113150504
UoM Maths 2nd Year (Unofficial),#server-polls,855740402321326110
UoM Maths 2nd Year (Unofficial),#student-reps-only,855748425181036544
UoM Maths 2nd Year (Unofficial),#polls,855748737153368084
UoM Maths 2nd Year (Unofficial),#talk-to-student-reps,855749499985330197
UoM Maths 2nd Year (Unofficial),#announcements,786260532264566796
UoM Maths 2nd Year (Unofficial),#socials,876001540282916904
UoM Maths 2nd Year (Unofficial),#free-for-all,786260532264566797
UoM Maths 2nd Year (Unofficial),#memes-and-spam,786260532264566798
UoM Maths 2nd Year (Unofficial),#cute-animals,786260532264566799
UoM Maths 2nd Year (Unofficial),#bot-spam,854114612907737108
UoM Maths 2nd Year (Unofficial),#course-discussion,786260532691861554
UoM Maths 2nd Year (Unofficial),#outside-modules,786260532691861555
UoM Maths 2nd Year (Unofficial),#peer-support,786260532691861556
UoM Maths 2nd Year (Unofficial),#latex-help,881047220776996944
Uom Maths 2nd Year (Unofficial),#dass-chat,872148498265559131
UoM Maths 2nd Year (Unofficial),#maths-and-phys,854105058584952842
UoM Maths 2nd Year (Unofficial),#cs-and-maths,854106662025035807
UoM Maths 2nd Year (Unofficial),#maths-and-phil,854107497101787176
UoM Maths 2nd Year (Unofficial),#bman-discussion,854109380005199883
UoM Maths 2nd Year (Unofficial),#language-discussion,880344912296570910
UoM Maths 2nd Year (Unofficial),#math20101-ra-a,854059948064636978
UoM Maths 2nd Year (Unofficial),#math20111-ra-b,854060269784531012
UoM Maths 2nd Year (Unofficial),#math20201-as1,854060442191265832
UoM Maths 2nd Year (Unofficial),#math20401-pde-vc-a,854060668176826368
UoM Maths 2nd Year (Unofficial),#math20411-pde-vc-b,854061590394568754
UoM Maths 2nd Year (Unofficial),#math20621-pwp,854061823720554556
UoM Maths 2nd Year (Unofficial),#math20701-p2,854061971313393674
UoM Maths 2nd Year (Unofficial),#math20811-ps,854063031880777758
UoM Maths 2nd Year (Unofficial),#math20951-fmfas-2,854063441459413012
UoM Maths 2nd Year (Unofficial),#math20062-mc-gp,854068924710518794
UoM Maths 2nd Year (Unofficial),#math20122-ms,854069045099233343
UoM Maths 2nd Year (Unofficial),#math20132-cosv,854069216406405141
UoM Maths 2nd Year (Unofficial),#math29142-2p2-ca,854069411979722753
UoM Maths 2nd Year (Unofficial),#math20212-as2,854069582629568546
UoM Maths 2nd Year (Unofficial),#math20222-itg,854072054034989086
UoM Maths 2nd Year (Unofficial),#math20502-fm,854072419630317588
UoM Maths 2nd Year (Unofficial),#math20512-cm,854072712809021440
UoM Maths 2nd Year (Unofficial),#math20522-pomm,854072864164675604
UoM Maths 2nd Year (Unofficial),#math20602-na1,854073199465594901
UoM Maths 2nd Year (Unofficial),#math20712-rm,854073497385697280
UoM Maths 2nd Year (Unofficial),#math20722-fomp,854073972592476171
UoM Maths 2nd Year (Unofficial),#math20802-sm,854074173290577931
UoM Maths 2nd Year (Unofficial),#math20902-dm,881408830230114364
UoM Maths 2nd Year (Unofficial),#math20912-ifm,854074435955195925
UoM Maths 2nd Year (Unofficial),#math20962-c1-as,854075588012802078
UoM Maths 2nd Year (Unofficial),#math20972-ai,854075856247062558
UoM Maths 2nd Year (Unofficial),#moderator-discussion,786260532943912999
UoM Maths 1st Year (Unofficial),#server-polls,855740742369673246
UoM Maths 1st Year (Unofficial),#student-reps-only,855360915481690133
UoM Maths 1st Year (Unofficial),#polls,855360915481690134
UoM Maths 1st Year (Unofficial),#talk-to-student-reps,855360915481690135
UoM Maths 1st Year (Unofficial),#announcements,855360915481690138
UoM Maths 1st Year (Unofficial),#socials,876001236653064242
UoM Maths 1st Year (Unofficial),#free-for-all,855360915481690139
UoM Maths 1st Year (Unofficial),#memes-and-spam,855360915481690140
UoM Maths 1st Year (Unofficial),#cute-animals,855360915481690141
UoM Maths 1st Year (Unofficial),#bot-spam,855360915481690142
UoM Maths 1st Year (Unofficial),#pass-staff-only,855360915658506272
UoM Maths 1st Year (Unofficial),#ask-pass-leaders,855360915658506274
UoM Maths 1st Year (Unofficial),#course-discussion,855360915658506278
UoM Maths 1st Year (Unofficial),#outside-modules,855360915658506279
UoM Maths 1st Year (Unofficial),#peer-support,855360915846201344
UoM Maths 1st Year (Unofficial),#dass-chat,872148705149583391
UoM Maths 1st Year (Unofficial),#bsc-mmath-maths,855360915846201345
UoM Maths 1st Year (Unofficial),#maths-and-stats,855360915846201346
UoM Maths 1st Year (Unofficial),#maths-and-phys,855360915846201347
UoM Maths 1st Year (Unofficial),#mwfm,855360915846201348
UoM Maths 1st Year (Unofficial),#mwf,855360915846201349
UoM Maths 1st Year (Unofficial),#as-and-maths,855360915846201350
UoM Maths 1st Year (Unofficial),#cs-and-maths,855360915846201351
UoM Maths 1st Year (Unofficial),#maths-and-phil,855360915846201352
UoM Maths 1st Year (Unofficial),#math10001-mw,855360915985924096
UoM Maths 1st Year (Unofficial),#math10101-fopm-a,855387099188822026
UoM Maths 1st Year (Unofficial),#math10111-fopm-b,855387446463168522
UoM Maths 1st Year (Unofficial),#math10121-cv-a,855387695534047233
UoM Maths 1st Year (Unofficial),#math10131-cv-b,855387864065245204
UoM Maths 1st Year (Unofficial),#math10141-p-1,855389426023399424
UoM Maths 1st Year (Unofficial),#math10951-fmfas-1,855388139291672607
UoM Maths 1st Year (Unofficial),#math10202-la-a,855360915985924098
UoM Maths 1st Year (Unofficial),#math10212-la-b,855389029805981737
UoM Maths 1st Year (Unofficial),#math10222-ca-a,855389748556988446
UoM Maths 1st Year (Unofficial),#math10232-ca-b,855390223868493844
UoM Maths 1st Year (Unofficial),#math10242-sas,855390443554865182
UoM Maths 1st Year (Unofficial),#math10282-its,855391159396073472
UoM Maths 1st Year (Unofficial),#moderator-discussion,855360916110180362
UoM Maths FY Year (Unofficial),#server-polls,875648154668793866
UoM Maths FY Year (Unofficial),#announcements,875621156319789092
UoM Maths FY Year (Unofficial),#free-for-all,875621156319789093
UoM Maths FY Year (Unofficial),#socials,875638149542449152
UoM Maths FY Year (Unofficial),#memes-and-spam,875621156319789094
UoM Maths FY Year (Unofficial),#cute-animals,875621156319789095
UoM Maths FY Year (Unofficial),#bot-spam,875621156584054784
UoM Maths FY Year (Unofficial),#course-discussion,875621156584054793
UoM Maths FY Year (Unofficial),#outside-modules,875621156848304168
UoM Maths FY Year (Unofficial),#peer-support,875621156848304169
UoM Maths FY Year (Unofficial),#dass,875636598526586880
UoM Maths FY Year (Unofficial),#math19801-0b1,875621157024436255
UoM Maths FY Year (Unofficial),#math19821-0c1,875632503447224372
UoM Maths FY Year (Unofficial),#math19861-0n1,875632896105398284
UoM Maths FY Year (Unofficial),#math19812-0b2,875621157024436257
UoM Maths FY Year (Unofficial),#math19832-0c2,875633356006641684
UoM Maths FY Year (Unofficial),#math19842-0f2,875633560202145832
UoM Maths FY Year (Unofficial),#math19852-0j2,875633896581120000
UoM Maths FY Year (Unofficial),#math19872-0d2,875634107676250143
UoM Maths FY Year (Unofficial),#moderator-discussion,875621157204815893
UoM Maths - Connecting Students & Staff (Informal),#server-polls,892292516307664916
UoM Maths - Connecting Students & Staff (Informal),#ask-tlo,892296418855882862
UoM Maths - Connecting Students & Staff (Informal),#ask-academics,892296621663080458
UoM Maths - Connecting Students & Staff (Informal),#ask-alumini,893380686063501313
UoM Maths - Connecting Students & Staff (Informal),#cute-animals,892298329306857523
UoM Maths - Connecting Students & Staff (Informal),#galois-gastro,892298450748727306
UoM Maths - Connecting Students & Staff (Informal),#bot-spam,892298353780596736
UoM Maths - Connecting Students & Staff (Informal),#pass-discussion,893384321090617414
UoM Maths - Connecting Students & Staff (Informal),#discussion,893380973067132958
Maff-family <3 (Private),#general,894665765591068678
Maff-family <3 (Private),#academics,894683117082775683
Matt-family <3 (Private),#polls,894687282546765884
Maff-family <3 (Private),#memes-and-spam,894683392443052092
Maff-family <3 (Private),#bot-spam,894683519933091880
Die Hard Paneer Fans,#free-for-all,855714423494934531
Die Hard Paneer Fans,#academics,855716330892558336
Die Hard Paneer Fans,#memes-and-spam,855714721570226176
Die Hard Paneer Fans,#ramanujan-chawal,855720372057014273
Die Hard Paneer Fans,#bot-spam,855721433632342064
6 year olds,#general,659871075248767019
6 year olds,#nsfw_not-safe-for-women,762434771573800962
6 year olds,#academics,694598504919728218
6 year olds,#music,695747369685483560
6 year olds,#latex-spam,783767356450668575
6 year olds,#bot-spam,851028032638681098